film_id,title,rating,rental_rate,replacement_cost,length,category,total_rentals,total_revenue,average_payment
879,Telegraph Voyage,PG,4.99,20.99,148,Music,27,215.75,8.63
1000,Zorro Ark,NC-17,4.99,18.99,50,Comedy,31,199.72,7.132857142857143
973,Wife Turn,NC-17,4.99,27.99,183,Documentary,31,198.73,7.3603703703703705
460,Innocent Usual,PG-13,4.99,26.99,178,Foreign,26,191.74,7.374615384615384
444,Hustler Party,NC-17,4.99,22.99,83,Comedy,22,190.78,8.671818181818182
764,Saturday Lambs,G,4.99,28.99,150,Sports,28,190.74,7.336153846153846
893,Titans Jerk,PG,4.99,11.99,91,Sci-Fi,29,186.73,6.915925925925926
403,Harry Idaho,PG-13,4.99,18.99,121,Drama,30,177.73,6.582592592592593
897,Torque Bound,G,4.99,27.99,179,Drama,27,169.76,7.380869565217392
239,Dogma Family,G,4.99,16.99,122,Animation,30,168.72,6.025714285714286
670,Pelican Comforts,PG,4.99,17.99,48,Documentary,26,165.77,7.207391304347826
369,Goodfellas Salute,PG,4.99,22.99,56,Sci-Fi,31,164.75,6.59
327,Fool Mockingbird,PG,4.99,24.99,158,Action,23,162.79,7.751904761904762
31,Apache Divine,NC-17,4.99,16.99,92,Family,31,160.72,5.74
284,Enemy Odds,NC-17,4.99,23.99,77,Music,29,159.75,6.39
127,Cat Coneheads,G,4.99,14.99,112,Comedy,30,159.73,5.915925925925926
771,Scorpion Apollo,NC-17,4.99,23.99,137,Drama,23,158.79,7.561428571428571
715,Range Moonwalker,PG,4.99,25.99,147,Family,27,158.77,6.903043478260869
767,Scalawag Duck,NC-17,4.99,13.99,183,Music,32,157.71,5.4382758620689655
865,Sunrise League,PG-13,4.99,19.99,135,Animation,24,155.78,7.080909090909091
527,Lola Agent,PG,4.99,24.99,85,Horror,24,154.77,6.729130434782609
551,Maiden Home,PG,4.99,9.99,138,New,24,152.78,6.944545454545454
938,Velvet Terminator,R,4.99,14.99,173,Comedy,26,152.77,6.642173913043479
159,Closer Bang,R,4.99,12.99,58,Comedy,28,152.76,6.365
103,Bucket Brotherhood,PG,4.99,27.99,133,Travel,34,150.72,5.382857142857143
846,Sting Personal,NC-17,4.99,9.99,93,New,21,149.8,7.49
892,Titanic Boondock,R,4.99,18.99,104,Animation,23,149.78,6.808181818181819
563,Massacre Usual,R,4.99,16.99,165,Games,30,149.75,5.99
624,Nightmare Chill,PG,4.99,25.99,149,Games,25,148.79,7.085238095238095
941,Videotape Arsenic,NC-17,4.99,10.99,145,Games,29,148.76,6.198333333333333
21,American Circus,R,4.99,17.99,129,Action,22,146.81,7.726842105263158
979,Witches Panic,NC-17,4.99,10.99,100,Drama,30,146.75,5.87
791,Show Lord,PG-13,4.99,24.99,167,Documentary,25,145.78,6.626363636363636
579,Minds Truman,PG-13,4.99,22.99,149,Action,20,144.81,7.6215789473684215
989,Working Microcosmos,R,4.99,22.99,74,Travel,25,144.78,6.580909090909091
985,Wonderland Christmas,PG,4.99,19.99,111,Sci-Fi,22,142.79,6.7995238095238095
408,Head Stranger,R,4.99,28.99,69,Games,22,142.79,6.7995238095238095
972,Whisperer Giant,PG-13,4.99,24.99,59,Sci-Fi,22,141.8,7.09
330,Forrester Comancheros,NC-17,4.99,22.99,112,Animation,27,141.74,5.451538461538462
48,Backlash Undefeated,PG-13,4.99,24.99,118,Children,19,140.84,8.8025
244,Dorado Notting,NC-17,4.99,26.99,139,Music,27,140.78,6.399090909090909
86,Boogie Amelie,R,4.99,11.99,121,Music,29,140.74,5.6296
778,Secrets Paradise,G,4.99,24.99,109,Family,20,139.82,7.767777777777778
580,Mine Titans,PG-13,4.99,12.99,166,New,19,138.83,8.166470588235294
683,Pity Bound,NC-17,4.99,19.99,60,Drama,26,138.77,6.033478260869566
838,Stagecoach Armageddon,R,4.99,25.99,112,Action,26,138.77,6.033478260869566
745,Roses Treasure,PG-13,4.99,23.99,162,Sports,28,137.77,5.99
856,Streetcar Intentions,R,4.99,11.99,73,Horror,25,137.77,5.99
307,Fellowship Autumn,NC-17,4.99,9.99,77,Travel,26,137.76,5.74
843,Steel Santa,NC-17,4.99,15.99,143,Classics,23,136.78,6.217272727272728
174,Confidential Interview,NC-17,4.99,13.99,180,Music,29,136.76,5.698333333333333
911,Trip Newton,PG-13,4.99,14.99,64,Action,28,135.74,5.220769230769231
324,Flintstones Happiness,PG-13,4.99,11.99,148,Comedy,17,134.83,7.931176470588236
350,Garden Island,G,4.99,21.99,80,Sci-Fi,20,134.82,7.49
267,Eagles Panky,NC-17,4.99,14.99,140,New,22,134.81,7.0952631578947365
861,Suit Walls,R,4.99,12.99,111,Games,21,134.81,7.0952631578947365
320,Flamingos Connecticut,PG-13,4.99,28.99,80,New,23,134.78,6.126363636363636
45,Attraction Newton,PG-13,4.99,14.99,83,New,24,133.78,6.080909090909091
902,Trading Pinocchio,PG,4.99,22.99,170,Sports,25,133.77,5.8160869565217395
409,Heartbreakers Bright,G,4.99,9.99,59,Children,20,132.8,6.64
271,Easy Gladiator,G,4.99,12.99,148,Action,23,132.8,6.64
263,Durham Panky,R,4.99,14.99,154,Sports,26,132.76,5.531666666666666
596,Moonshine Cabin,PG-13,4.99,25.99,171,Games,21,131.8,6.59
614,Name Detective,PG-13,4.99,11.99,178,Games,23,131.78,5.99
253,Drifter Commandments,PG-13,4.99,18.99,61,Action,24,131.78,5.99
10,Aladdin Calendar,NC-17,4.99,24.99,63,Sports,23,131.77,5.729130434782609
521,Lies Treatment,NC-17,4.99,28.99,147,Drama,27,131.76,5.49
172,Coneheads Smoochy,NC-17,4.99,12.99,112,Drama,25,131.76,5.49
575,Midsummer Groundhog,G,4.99,27.99,48,Documentary,22,129.82,7.2122222222222225
227,Details Packer,R,4.99,17.99,88,Games,19,128.82,7.156666666666666
706,Queen Luke,PG,4.99,22.99,163,Drama,22,128.79,6.132857142857143
898,Tourist Pelican,PG-13,4.99,18.99,152,Sports,22,126.81,6.67421052631579
755,Sabrina Midnight,PG,4.99,11.99,99,Children,21,126.79,6.037619047619048
500,Kiss Glory,PG-13,4.99,11.99,163,Foreign,22,126.79,6.037619047619048
518,Liaisons Sweet,PG,4.99,15.99,140,Travel,22,126.79,6.037619047619048
775,Seattle Expecations,PG-13,4.99,18.99,110,Drama,24,125.8,6.621052631578947
61,Beauty Grease,G,4.99,28.99,175,Drama,22,125.79,5.99
603,Movie Shakespeare,PG,4.99,27.99,53,Family,27,125.78,5.468695652173913
361,Gleaming Jawbreaker,NC-17,2.99,25.99,89,Sports,29,125.72,4.656296296296296
135,Chance Resurrection,R,2.99,22.99,70,Sports,27,124.76,5.198333333333333
112,Calendar Gunfight,NC-17,4.99,22.99,120,Foreign,21,123.82,6.878888888888889
412,Heavyweights Beast,G,4.99,25.99,102,Documentary,23,123.78,5.626363636363636
763,Satisfaction Confidential,G,4.99,26.99,75,Sports,17,122.84,7.6775
995,Yentl Idaho,R,4.99,11.99,86,Horror,23,122.79,5.847142857142857
167,Coma Head,NC-17,4.99,10.99,109,Travel,26,122.77,5.337826086956522
131,Center Dinosaur,PG,4.99,12.99,152,Classics,24,121.79,5.7995238095238095
804,Sleeping Suspects,PG-13,4.99,13.99,129,Horror,24,121.78,5.535454545454545
698,Princess Giant,NC-17,2.99,29.99,71,Documentary,27,121.77,5.07375
702,Pulp Beverly,G,2.99,12.99,89,Horror,30,121.74,4.682307692307693
501,Kissing Dolls,R,4.99,9.99,141,Action,20,120.83,7.107647058823529
215,Dawn Pond,PG,4.99,27.99,57,Games,18,120.83,7.107647058823529
818,Something Duck,NC-17,4.99,17.99,180,Drama,19,120.82,6.7122222222222225
908,Trap Guys,G,4.99,11.99,110,Foreign,16,119.85,7.99
680,Pinocchio Simon,PG,4.99,21.99,103,Comedy,20,119.82,6.656666666666666
710,Rage Games,R,4.99,18.99,120,Family,19,119.81,6.305789473684211
73,Bingo Talented,PG-13,2.99,22.99,150,Sci-Fi,29,119.75,4.79
243,Doors President,NC-17,4.99,22.99,49,Animation,19,118.82,6.601111111111111
222,Desert Poseidon,R,4.99,27.99,64,Horror,19,118.81,6.253157894736842
556,Maltese Hope,PG-13,4.99,26.99,127,Games,22,118.79,5.656666666666666
869,Suspects Quills,PG,2.99,22.99,47,Action,30,118.73,4.397407407407408
313,Fidelity Devil,G,4.99,11.99,118,Horror,21,117.82,6.545555555555556
814,Snatch Slipper,PG,4.99,15.99,110,Comedy,22,117.8,5.89
415,High Encino,R,2.99,23.99,84,Horror,22,117.79,5.609047619047619
964,Waterfront Deliverance,G,4.99,17.99,61,Action,17,116.84,7.3025
572,Metropolis Coma,PG-13,2.99,9.99,64,Sci-Fi,26,116.76,4.865
621,Network Peak,PG-13,2.99,23.99,75,Family,31,116.73,4.323333333333333
439,Hunchback Impossible,PG-13,4.99,28.99,151,Drama,20,115.83,6.813529411764706
734,Road Roxanne,R,4.99,12.99,158,Documentary,19,115.83,6.813529411764706
334,Freddy Storm,NC-17,4.99,21.99,65,Horror,23,115.79,5.513809523809524
69,Beverly Outlaw,R,2.99,21.99,85,Sci-Fi,21,115.79,5.513809523809524
183,Conversation Downhill,R,4.99,14.99,112,Family,17,114.83,6.754705882352941
129,Cause Date,R,2.99,16.99,179,Documentary,21,114.81,6.042631578947368
971,Whale Bikini,PG-13,4.99,11.99,109,Foreign,18,113.85,7.59
506,Lady Stage,PG,4.99,14.99,67,Horror,17,113.84,7.115
720,Redemption Comforts,NC-17,2.99,20.99,179,New,20,113.8,5.69
857,Strictly Scarface,PG-13,2.99,24.99,144,Comedy,23,113.77,4.946521739130435
777,Secretary Rouge,PG,4.99,10.99,158,Sports,18,112.82,6.267777777777778
6,Agent Truman,PG,2.99,17.99,169,Foreign,21,111.81,5.884736842105263
590,Money Harold,PG,2.99,17.99,135,New,20,111.8,5.59
117,Candles Grapes,NC-17,4.99,15.99,135,Games,23,111.8,5.59
583,Mission Zoolander,PG-13,4.99,26.99,164,Animation,18,110.84,6.9275
465,Interview Liaisons,R,4.99,17.99,59,New,20,110.82,6.156666666666666
694,Prejudice Oleander,PG-13,4.99,15.99,98,Classics,20,110.81,5.832105263157895
730,Ridgemont Submarine,PG-13,0.99,28.99,46,New,32,110.72,3.954285714285714
878,Teen Apollo,G,4.99,25.99,74,Travel,17,109.86,7.847142857142857
785,Shawshank Bubble,PG,4.99,20.99,80,Travel,19,109.81,5.779473684210526
433,Horn Working,PG,2.99,23.99,95,Animation,24,109.77,4.772608695652174
35,Arachnophobia Rollercoaster,PG-13,2.99,24.99,147,Horror,24,109.77,4.772608695652174
109,Butterfly Chocolat,G,0.99,17.99,89,New,30,108.74,4.182307692307693
170,Command Darling,PG-13,4.99,28.99,120,Foreign,16,107.84,6.74
354,Ghost Groundhog,G,4.99,18.99,85,Children,21,107.81,5.67421052631579
676,Philadelphia Wife,PG-13,4.99,16.99,137,Sports,23,107.8,5.133333333333333
768,Scarface Bang,PG-13,4.99,11.99,102,Children,18,106.84,6.6775
827,Spice Sorority,NC-17,4.99,22.99,141,Drama,20,106.81,5.6215789473684215
300,Falcon Volume,PG-13,4.99,21.99,102,Animation,22,106.81,5.933888888888889
100,Brooklyn Desert,R,4.99,21.99,161,Foreign,21,106.81,5.6215789473684215
946,Virtual Spoilers,NC-17,4.99,14.99,144,Family,14,105.87,8.143846153846154
346,Galaxy Sweethearts,R,4.99,13.99,128,Classics,18,105.84,6.615
512,League Hellfighters,PG-13,4.99,25.99,110,Classics,17,105.83,6.225294117647059
139,Chasing Fight,PG,4.99,21.99,114,Family,20,105.82,5.569473684210526
725,Requiem Tycoon,R,4.99,25.99,167,Classics,19,105.82,5.878888888888889
776,Secret Groundhog,PG,4.99,11.99,90,Documentary,21,105.81,5.568947368421052
723,Reign Gentlemen,PG-13,2.99,29.99,82,Sci-Fi,20,105.81,5.568947368421052
255,Driving Polish,NC-17,4.99,21.99,175,Music,21,105.81,5.568947368421052
162,Clueless Bucket,R,2.99,13.99,95,Action,25,105.77,4.598695652173913
854,Strangers Graffiti,R,4.99,22.99,119,Horror,17,104.86,7.49
95,Breakfast Goldfinger,G,4.99,18.99,123,New,17,104.84,6.5525
484,Jerk Paycheck,NC-17,2.99,13.99,172,Classics,20,104.81,5.516315789473684
915,Truman Crazy,G,4.99,9.99,92,Action,23,104.8,5.24
961,Wash Heavenly,R,4.99,22.99,161,Foreign,23,104.8,5.24
37,Arizona Bang,PG,2.99,28.99,121,Classics,21,104.79,4.99
397,Hanky October,NC-17,2.99,26.99,107,Sci-Fi,26,104.77,4.555217391304348
919,Tycoon Gathering,G,4.99,17.99,82,Games,12,103.88,8.656666666666666
578,Million Ace,PG-13,4.99,16.99,142,Classics,20,103.83,6.107647058823529
805,Sleepless Monsoon,G,4.99,12.99,64,Animation,20,103.83,6.107647058823529
637,Open African,PG,4.99,16.99,131,Sci-Fi,21,103.81,5.463684210526316
25,Angels Life,G,2.99,15.99,74,New,22,103.8,5.19
199,Cupboard Sinners,R,2.99,29.99,56,Documentary,23,103.78,4.717272727272728
378,Greatest North,NC-17,2.99,24.99,93,Music,29,103.73,3.841851851851852
77,Birds Perdition,G,4.99,15.99,61,New,18,102.83,6.048823529411765
922,Undefeated Dalmations,PG-13,4.99,22.99,107,Horror,21,102.81,5.411052631578947
823,South Wait,R,2.99,21.99,143,Action,22,102.79,4.894761904761904
331,Forward Temple,NC-17,2.99,25.99,90,Games,32,102.74,3.9515384615384614
891,Timberland Sky,G,0.99,13.99,69,Classics,31,102.74,3.9515384615384614
666,Paycheck Wait,PG-13,4.99,27.99,145,Drama,16,101.84,6.365
44,Attacks Hate,PG-13,4.99,21.99,113,Sci-Fi,16,101.84,6.365
294,Expecations Natural,PG-13,4.99,26.99,138,Travel,18,101.83,5.99
871,Sweden Shining,PG,4.99,19.99,176,Comedy,18,101.83,6.364375
895,Tomorrow Hustler,R,2.99,21.99,142,Classics,25,101.76,4.24
760,Samurai Lion,G,2.99,21.99,110,New,25,101.76,4.24
691,Poseidon Forever,PG-13,4.99,29.99,159,Sports,17,100.83,5.931176470588236
468,Invasion Cyclone,PG,2.99,12.99,97,Children,27,100.74,3.874615384615385
356,Giant Troopers,R,2.99,10.99,102,Children,28,100.74,3.874615384615385
175,Confused Candles,PG-13,2.99,27.99,122,Family,17,99.84,6.24
845,Stepmom Dream,NC-17,4.99,9.99,48,Foreign,20,99.81,5.253157894736842
502,Knock Warlock,PG-13,2.99,21.99,71,Comedy,24,99.79,4.751904761904762
285,English Bulworth,PG-13,0.99,18.99,51,Sci-Fi,30,99.74,3.836153846153846
392,Hall Cassidy,NC-17,4.99,13.99,51,Children,16,98.84,6.1775
274,Egg Igby,PG,2.99,20.99,67,Documentary,21,98.81,5.200526315789474
101,Brotherhood Blanket,R,0.99,26.99,73,Documentary,26,98.77,4.294347826086956
887,Thief Pelican,PG-13,4.99,28.99,135,Animation,19,97.84,6.115
476,Jason Trap,NC-17,2.99,9.99,130,Family,24,97.77,4.250869565217391
382,Grit Clockwork,PG,0.99,21.99,137,Games,32,97.72,3.49
738,Rocketeer Mother,PG-13,0.99,27.99,178,Foreign,33,97.72,3.49
789,Shock Cabin,PG-13,2.99,15.99,79,Foreign,30,96.71,3.3348275862068966
483,Jericho Mulan,NC-17,2.99,29.99,171,Games,17,95.84,5.99
456,Inch Jet,NC-17,4.99,18.99,167,Animation,18,95.82,5.323333333333333
759,Salute Apollo,R,2.99,29.99,73,New,23,95.8,4.79
349,Gangs Pride,PG-13,2.99,27.99,185,Animation,27,95.78,4.3536363636363635
445,Hyde Doctor,G,2.99,11.99,100,Classics,26,95.76,4.1634782608695655
71,Bilko Anonymous,PG-13,4.99,25.99,100,Family,13,94.88,7.906666666666666
365,Gold River,R,4.99,21.99,154,Comedy,14,94.86,6.775714285714286
570,Mermaid Insects,NC-17,4.99,20.99,104,Sports,16,94.85,6.323333333333333
336,French Holiday,PG,4.99,22.99,99,Documentary,17,94.84,5.9275
370,Gorgeous Bingo,R,2.99,26.99,108,Children,19,94.83,5.578235294117647
668,Peak Forever,PG,4.99,25.99,80,Sports,20,94.82,5.267777777777778
665,Patton Interview,PG,2.99,22.99,175,Horror,23,94.79,4.513809523809524
304,Fargo Gandhi,G,2.99,28.99,130,Children,24,94.79,4.513809523809524
319,Fish Opus,R,2.99,22.99,125,Sci-Fi,25,94.78,4.308181818181819
295,Expendable Stallion,PG,0.99,14.99,97,Documentary,28,94.74,3.643846153846154
835,Spy Mile,PG-13,2.99,13.99,112,Games,27,94.73,3.5085185185185184
216,Day Unfaithful,G,4.99,16.99,113,New,14,93.88,7.823333333333333
678,Pickup Driving,G,2.99,23.99,77,Sports,16,93.85,6.256666666666667
859,Sugar Wonka,PG,4.99,20.99,114,Animation,17,93.85,6.256666666666667
59,Bear Graceland,R,2.99,20.99,160,Children,22,93.81,4.937368421052631
114,Camelot Vacation,NC-17,0.99,26.99,61,Sci-Fi,27,93.76,3.9066666666666667
873,Sweethearts Suspects,G,0.99,13.99,108,Children,29,93.73,3.4714814814814816
969,West Lion,G,4.99,29.99,159,Drama,16,92.86,6.632857142857143
396,Hanging Deep,G,4.99,18.99,62,Drama,19,92.85,6.19
184,Core Suit,PG-13,2.99,24.99,92,Classics,18,92.84,5.8025
486,Jet Neighbors,R,4.99,14.99,59,Foreign,20,92.83,5.460588235294118
414,Hellfighters Sierra,PG,2.99,23.99,75,Foreign,20,92.81,4.884736842105263
305,Fatal Haunted,PG,2.99,24.99,91,New,28,92.77,4.033478260869566
798,Silverado Goldfinger,PG,4.99,11.99,74,Sci-Fi,12,91.88,7.656666666666666
226,Destiny Saturday,G,4.99,20.99,56,New,16,91.85,6.123333333333333
51,Balloon Homeward,NC-17,2.99,10.99,75,Music,23,91.78,4.171818181818182
260,Dude Blindness,G,4.99,9.99,132,Sports,16,90.87,6.99
980,Wizard Coldblooded,PG,4.99,12.99,75,Music,16,90.85,6.056666666666667
447,Ice Crossing,R,2.99,28.99,131,Games,24,90.78,4.126363636363636
704,Pure Runner,NC-17,2.99,25.99,121,Comedy,16,89.85,5.99
165,Coldblooded Darling,G,4.99,27.99,70,Sci-Fi,16,89.84,5.615
451,Igby Maker,NC-17,4.99,12.99,160,Travel,19,89.83,5.284117647058824
930,Vacation Boondock,R,2.99,23.99,145,Sci-Fi,21,89.81,4.726842105263158
739,Rocky War,PG-13,4.99,17.99,145,Drama,16,88.87,6.836153846153846
568,Memento Zoolander,NC-17,4.99,11.99,77,Comedy,13,88.87,6.836153846153846
116,Candidate Perdition,R,2.99,10.99,70,Classics,18,88.82,5.224705882352941
571,Metal Armageddon,PG-13,2.99,26.99,161,Documentary,25,88.79,4.228095238095238
880,Telemark Heartbreakers,PG-13,2.99,9.99,152,Animation,25,88.76,3.6983333333333333
450,Idols Snatchers,NC-17,2.99,29.99,84,Children,30,88.76,3.6983333333333333
65,Behavior Runaway,PG,4.99,20.99,100,Horror,13,87.89,7.99
321,Flash Wars,NC-17,4.99,21.99,123,New,13,87.88,7.323333333333333
98,Bright Encounters,PG-13,4.99,12.99,73,Drama,13,87.88,7.323333333333333
446,Hysterical Grail,PG,4.99,19.99,150,Sports,15,87.85,5.8566666666666665
212,Darn Forrester,G,4.99,14.99,185,Action,18,87.83,5.166470588235294
57,Basic Easy,PG-13,2.99,18.99,90,Travel,21,87.8,4.39
166,Color Philadelphia,G,2.99,19.99,149,Classics,24,87.78,3.99
649,Oz Liaisons,R,2.99,14.99,85,Animation,24,87.78,3.99
654,Panky Submarine,G,4.99,19.99,93,Games,15,86.88,7.24
8,Airport Pollock,R,4.99,15.99,54,Horror,18,86.85,5.79
944,Virgin Daisy,PG-13,4.99,29.99,179,Drama,17,86.84,5.4275
803,Slacker Liaisons,R,4.99,29.99,179,Drama,17,86.84,5.4275
773,Seabiscuit Punk,NC-17,2.99,28.99,112,Sports,26,86.76,3.615
609,Muscle Bright,G,2.99,23.99,185,Travel,30,86.73,3.212222222222222
489,Juggler Hardly,PG-13,0.99,14.99,54,Animation,32,86.71,2.99
203,Daisy Menagerie,G,4.99,9.99,84,Sci-Fi,16,85.86,6.132857142857143
844,Steers Armageddon,PG,4.99,16.99,140,Sports,15,85.85,5.723333333333334
735,Robbers Joon,PG-13,2.99,26.99,102,Children,31,85.74,3.2976923076923077
179,Conquerer Nuts,G,4.99,14.99,173,Drama,16,84.87,6.5284615384615385
141,Chicago North,PG-13,4.99,11.99,185,Games,16,84.85,5.656666666666666
772,Sea Virgin,PG,2.99,24.99,80,Drama,22,84.81,4.463684210526316
15,Alien Center,NC-17,2.99,10.99,46,Foreign,22,84.8,4.24
55,Barbarella Streetcar,G,2.99,27.99,65,Sci-Fi,25,84.78,3.8536363636363635
559,Married Go,G,2.99,22.99,114,Sci-Fi,30,84.74,3.2592307692307694
682,Pittsburgh Hunchback,PG-13,4.99,17.99,134,Family,12,83.89,7.626363636363636
532,Loser Hustler,PG,4.99,28.99,80,Sports,15,83.86,5.99
655,Panther Reds,NC-17,4.99,22.99,109,Sci-Fi,15,83.86,5.99
757,Sagebrush Clueless,G,2.99,28.99,106,Documentary,16,83.86,5.99
265,Dying Maker,PG,4.99,28.99,168,Comedy,17,83.85,5.59
329,Forrest Sons,R,2.99,15.99,63,Action,18,83.83,4.931176470588236
841,Star Operation,PG,2.99,9.99,181,Sports,21,83.8,4.19
4,Affair Prejudice,G,2.99,26.99,117,Horror,23,83.79,3.99
644,Oscar Gold,PG,2.99,29.99,115,Animation,25,83.75,3.35
7,Airplane Sierra,PG-13,4.99,28.99,62,Comedy,15,82.85,5.523333333333333
611,Musketeers Wait,PG,4.99,17.99,73,Classics,17,82.85,5.523333333333333
421,Holiday Games,PG-13,4.99,10.99,78,Foreign,15,82.85,5.523333333333333
123,Casablanca Super,G,4.99,22.99,85,Travel,16,82.84,5.1775
443,Hurricane Affair,PG,2.99,11.99,49,Comedy,24,82.77,3.598695652173913
662,Paths Control,PG,4.99,9.99,118,Drama,10,81.9,8.19
398,Hanover Galaxy,NC-17,4.99,21.99,47,Music,17,81.86,5.847142857142857
115,Campus Remember,R,2.99,27.99,167,Action,19,81.83,4.813529411764706
753,Rush Goodfellas,PG,0.99,20.99,48,Family,31,81.72,2.9185714285714286
667,Peach Innocent,PG-13,2.99,20.99,160,Sports,14,80.86,6.22
251,Dragonfly Strangers,NC-17,4.99,19.99,133,New,18,80.86,5.775714285714286
438,Human Graffiti,NC-17,2.99,22.99,68,Games,15,80.85,5.39
643,Orient Closer,R,2.99,22.99,118,Drama,17,80.83,4.754705882352941
936,Vanishing Rocky,NC-17,2.99,21.99,123,Music,18,80.83,4.754705882352941
958,Wardrobe Phantom,G,2.99,19.99,178,Drama,27,80.77,3.5117391304347825
638,Operation Operation,G,2.99,23.99,156,Comedy,27,80.75,3.23
68,Betrayed Rear,NC-17,4.99,26.99,122,Children,15,79.87,6.1438461538461535
272,Edge Kissing,NC-17,4.99,9.99,153,Drama,15,79.87,6.1438461538461535
70,Bikini Borrowers,NC-17,4.99,26.99,142,Animation,17,79.86,5.704285714285715
121,Carol Texas,PG,2.99,15.99,151,Animation,18,79.83,4.695882352941177
657,Paradise Sabrina,PG-13,2.99,12.99,48,Comedy,18,79.82,4.434444444444444
852,Strangelove Desire,NC-17,0.99,27.99,103,Children,24,79.78,3.6263636363636365
625,None Spiking,NC-17,0.99,18.99,83,Sci-Fi,27,79.75,3.19
867,Super Wyoming,PG,4.99,10.99,58,Family,13,78.88,6.573333333333333
858,Submarine Bed,R,4.99,21.99,127,Comedy,15,78.87,6.066923076923077
749,Rules Human,R,4.99,19.99,153,Horror,16,78.87,6.066923076923077
229,Devil Desire,R,4.99,12.99,87,Action,15,78.86,5.632857142857143
385,Groundhog Uncut,PG-13,4.99,26.99,139,Comedy,18,78.86,5.632857142857143
481,Jekyll Frogmen,PG,2.99,22.99,58,New,17,78.84,4.9275
464,Intentions Empire,PG-13,2.99,13.99,107,Animation,17,78.83,4.6370588235294115
608,Murder Antitrust,PG,2.99,11.99,166,Children,23,78.79,3.751904761904762
78,Blackout Private,PG,2.99,12.99,85,Animation,27,78.77,3.424782608695652
220,Deer Virginian,NC-17,2.99,13.99,106,Music,29,78.76,3.1504
181,Contact Anonymous,PG-13,2.99,10.99,166,Travel,26,78.76,3.2816666666666667
901,Tracy Cider,G,0.99,29.99,142,Animation,26,78.76,3.2816666666666667
711,Raging Airplane,R,4.99,18.99,154,Sci-Fi,13,77.88,6.49
190,Creepers Kane,NC-17,4.99,23.99,172,Classics,14,77.87,5.99
708,Quills Bull,R,4.99,19.99,112,Documentary,16,77.87,5.99
628,Northwest Polish,PG,2.99,24.99,172,Sports,20,77.82,4.323333333333333
326,Flying Hook,NC-17,2.99,18.99,69,Animation,20,77.81,4.0952631578947365
707,Quest Mussolini,R,2.99,29.99,177,Action,20,77.8,3.89
402,Harper Dying,G,0.99,15.99,52,Animation,20,77.8,3.89
154,Clash Freddy,G,2.99,12.99,81,Animation,25,77.77,3.381304347826087
234,Disturbing Scarface,R,2.99,27.99,94,Sci-Fi,26,77.77,3.381304347826087
434,Horror Reign,R,0.99,25.99,139,Travel,27,77.75,3.11
531,Lose Inch,R,0.99,18.99,137,Foreign,27,77.74,2.99
588,Model Fish,NC-17,4.99,11.99,175,Children,15,76.87,5.913076923076923
917,Tuxedo Mile,R,2.99,24.99,152,Sports,13,76.87,5.913076923076923
453,Image Princess,PG-13,2.99,17.99,178,Sports,14,76.86,5.49
956,Wanda Chamber,PG-13,4.99,23.99,107,Games,16,76.86,5.49
510,Lawless Vision,G,4.99,29.99,181,Animation,17,76.86,5.124
381,Grinch Massage,R,4.99,25.99,150,Games,14,76.86,5.49
50,Baked Cleopatra,G,2.99,20.99,182,Family,16,76.85,5.123333333333333
616,National Story,NC-17,2.99,19.99,92,Documentary,19,76.83,4.5194117647058825
806,Sleepy Japanese,PG,2.99,25.99,137,New,21,76.83,4.2683333333333335
920,Unbreakable Karate,G,0.99,16.99,62,New,21,76.81,4.042631578947368
782,Shakespeare Saddle,PG-13,2.99,26.99,60,Sports,22,76.8,3.84
49,Badman Dawn,R,2.99,22.99,162,Sci-Fi,21,76.79,3.6566666666666667
471,Island Exorcist,NC-17,2.99,23.99,84,Classics,26,76.77,3.3378260869565217
597,Moonwalker Fool,G,4.99,12.99,184,Games,13,75.89,6.899090909090909
177,Connecticut Tramp,R,4.99,20.99,172,Sci-Fi,13,75.89,6.899090909090909
219,Deep Crusade,PG-13,4.99,20.99,51,Documentary,14,75.87,5.836153846153846
420,Holes Brannigan,PG,4.99,27.99,128,Sports,15,75.86,5.057333333333333
774,Searchers Wait,NC-17,2.99,22.99,182,Comedy,14,75.86,5.418571428571429
820,Sons Interview,NC-17,2.99,11.99,184,Animation,15,75.85,5.417857142857143
83,Blues Instinct,G,2.99,18.99,50,Family,21,75.82,4.2122222222222225
912,Trojan Tomorrow,PG,2.99,9.99,52,Sci-Fi,19,75.82,4.46
43,Atlantis Cause,G,2.99,15.99,170,Family,24,75.79,3.609047619047619
554,Malkovich Pet,G,2.99,22.99,159,Classics,26,75.77,3.2943478260869563
46,Autumn Crow,G,4.99,13.99,108,Games,11,74.9,7.49
74,Birch Antitrust,PG,4.99,18.99,162,Music,11,74.89,6.808181818181819
455,Impossible Prejudice,NC-17,4.99,11.99,103,Foreign,14,74.86,5.347142857142857
542,Lust Lock,G,2.99,28.99,52,Action,15,74.82,4.988
322,Flatliners Killer,G,2.99,29.99,100,Sports,22,74.81,3.9373684210526316
193,Crossroads Casualties,G,2.99,20.99,153,Animation,21,74.8,3.74
288,Escape Metropolis,R,2.99,20.99,167,Travel,25,74.77,3.2508695652173913
341,Frost Head,PG,0.99,13.99,82,Classics,30,74.72,2.6685714285714286
888,Thin Sagebrush,PG-13,4.99,9.99,53,Documentary,11,73.89,6.717272727272728
113,California Birds,NC-17,4.99,19.99,75,Sports,12,73.89,6.717272727272728
686,Pluto Oleander,R,4.99,9.99,84,New,16,73.87,5.682307692307693
648,Outlaw Hanky,PG-13,4.99,17.99,148,Travel,14,73.86,5.275714285714286
987,Words Hunter,PG,2.99,13.99,116,Music,16,73.86,5.275714285714286
953,Wait Cider,PG-13,0.99,9.99,112,Animation,21,73.82,4.101111111111111
302,Fantasia Park,G,2.99,29.99,131,Games,19,73.81,3.884736842105263
252,Dream Pickup,PG,2.99,18.99,135,Action,22,73.8,3.69
391,Half Outfield,PG-13,2.99,25.99,146,Family,26,73.79,3.354090909090909
210,Darko Dorado,NC-17,4.99,13.99,130,Action,11,72.9,7.29
432,Hope Tootsie,NC-17,2.99,22.99,139,Classics,18,72.83,4.284117647058824
67,Berets Agent,PG-13,2.99,24.99,77,Action,21,72.8,3.831578947368421
247,Downhill Enough,G,0.99,19.99,47,Comedy,25,72.79,3.466190476190476
151,Cincinatti Whisperer,NC-17,4.99,26.99,143,Sci-Fi,13,71.89,6.535454545454545
9,Alabama Devil,PG-13,2.99,21.99,114,Horror,12,71.88,5.99
81,Blindness Gun,PG-13,4.99,29.99,103,Sci-Fi,14,71.87,5.5284615384615385
473,Jacket Frisco,PG-13,2.99,16.99,181,Drama,18,71.84,4.49
967,Weekend Personal,R,2.99,26.99,134,Sci-Fi,18,71.83,4.225294117647059
966,Wedding Apollo,PG,0.99,14.99,70,Documentary,24,71.79,3.4185714285714286
765,Saturn Name,R,4.99,18.99,182,Comedy,13,70.87,5.451538461538462
173,Confessions Maguire,PG-13,4.99,25.99,65,Drama,14,70.87,5.451538461538462
480,Jeepers Wedding,R,2.99,29.99,84,Classics,16,70.87,5.451538461538462
308,Ferris Mother,PG,2.99,13.99,142,Comedy,17,70.85,4.723333333333334
724,Remember Diary,R,2.99,15.99,110,Family,18,70.83,4.166470588235294
914,Trouble Date,PG,2.99,13.99,61,Travel,23,70.81,3.5405
645,Others Soup,PG,2.99,18.99,118,Travel,23,70.8,3.54
353,Gentlemen Stage,NC-17,2.99,22.99,125,Foreign,23,70.8,3.54
22,Amistad Midsummer,G,2.99,10.99,85,New,21,70.79,3.370952380952381
555,Mallrats United,PG,0.99,25.99,133,Comedy,25,70.78,3.2172727272727273
889,Ties Hunger,R,4.99,28.99,111,Children,11,69.91,7.767777777777778
214,Daughter Madigan,PG-13,4.99,13.99,59,Children,9,69.91,7.767777777777778
60,Beast Hunchback,R,4.99,22.99,89,Classics,11,69.9,6.99
933,Vampire Whale,NC-17,4.99,11.99,126,New,12,69.89,6.3536363636363635
169,Comforts Rush,NC-17,2.99,19.99,76,Travel,17,69.85,4.656666666666666
463,Instinct Airport,PG,2.99,21.99,116,Sports,18,69.83,4.107647058823529
323,Flight Lies,R,4.99,22.99,179,Sports,12,68.88,5.74
968,Werewolf Lola,G,4.99,19.99,79,Action,14,68.88,5.74
448,Idaho Love,PG-13,2.99,25.99,172,New,17,68.85,4.59
298,Eyes Driving,PG-13,2.99,13.99,172,Sci-Fi,19,68.84,4.3025
99,Bringing Hysterical,PG,2.99,14.99,136,Comedy,20,68.81,3.621578947368421
418,Hobbit Alien,PG-13,0.99,27.99,157,Drama,31,68.74,2.643846153846154
20,Amelie Hellfighters,R,4.99,23.99,79,Music,10,67.9,6.79
519,Liberty Magnificent,G,2.99,27.99,138,Sports,12,67.89,6.171818181818182
231,Dinosaur Secretary,R,2.99,27.99,63,Family,20,67.81,3.5689473684210524
366,Goldfinger Sensibility,G,0.99,29.99,93,Drama,24,67.79,3.228095238095238
491,Jumping Wrath,NC-17,0.99,18.99,74,Children,24,67.79,3.228095238095238
374,Graffiti Love,PG,0.99,29.99,117,Sci-Fi,30,67.74,2.605384615384615
748,Rugrats Shakespeare,PG-13,0.99,16.99,109,Action,30,67.72,2.4185714285714286
120,Caribbean Liberty,NC-17,4.99,16.99,92,Sports,9,66.92,8.365
918,Twisted Pirates,PG,4.99,23.99,152,Children,11,66.89,6.080909090909091
426,Home Pity,R,4.99,15.99,185,Music,14,66.88,5.573333333333333
207,Dangerous Uptown,PG,4.99,26.99,121,Foreign,12,66.88,5.573333333333333
661,Past Suicides,PG-13,4.99,17.99,157,Foreign,13,66.88,5.573333333333333
137,Charade Duffel,PG,2.99,21.99,66,Sci-Fi,15,66.87,5.1438461538461535
84,Boiled Dares,PG,4.99,13.99,102,Travel,15,66.87,5.1438461538461535
991,Worst Banger,PG,2.99,26.99,185,Action,16,66.85,4.456666666666667
999,Zoolander Fiction,R,2.99,28.99,101,Children,17,66.85,4.456666666666667
275,Egypt Tenenbaums,PG,0.99,11.99,85,Horror,17,66.84,4.1775
986,Wonka Sea,NC-17,2.99,24.99,85,Animation,18,66.82,3.712222222222222
689,Pollock Deliverance,PG,2.99,14.99,137,Foreign,18,66.82,3.9305882352941177
853,Stranger Strangers,G,4.99,12.99,139,Children,11,65.9,6.59
133,Chamber Italian,NC-17,4.99,14.99,117,Music,13,65.88,5.067692307692307
929,Usual Untouchables,PG-13,4.99,21.99,128,Foreign,13,65.88,5.49
957,War Notting,G,4.99,26.99,80,Foreign,12,65.88,5.49
529,Lonely Elephant,G,2.99,12.99,67,Comedy,15,65.87,5.066923076923077
138,Chariots Conspiracy,R,2.99,29.99,71,Sci-Fi,21,65.81,3.4636842105263157
437,House Dynamite,R,2.99,13.99,109,Family,23,65.8,3.29
816,Snowman Rollercoaster,G,0.99,27.99,62,Animation,23,65.79,3.132857142857143
545,Madness Attacks,PG-13,0.99,14.99,178,Foreign,25,65.77,2.8595652173913044
277,Elephant Trojan,PG-13,4.99,24.99,126,Horror,14,64.9,6.49
312,Fiddler Lost,R,4.99,20.99,75,Sci-Fi,10,64.9,6.49
389,Gunfighter Mussolini,PG-13,2.99,9.99,127,Sports,12,64.89,5.899090909090909
544,Madison Trap,R,2.99,11.99,147,Documentary,15,64.87,4.99
236,Divine Resurrection,R,2.99,19.99,100,Games,15,64.85,4.323333333333333
870,Swarm Gold,PG-13,0.99,12.99,123,Horror,27,64.77,2.816086956521739
28,Anthem Luke,PG-13,4.99,16.99,91,Comedy,15,63.89,5.808181818181819
202,Daddy Pittsburgh,G,4.99,26.99,161,Comedy,13,63.89,5.808181818181819
599,Mother Oleander,R,0.99,20.99,103,Sports,14,63.87,4.913076923076923
72,Bill Others,PG,2.99,12.99,93,Documentary,19,63.82,3.5455555555555556
134,Champion Flatliners,PG,4.99,21.99,51,Animation,13,62.9,6.29
347,Games Bowfinger,PG-13,4.99,17.99,119,Travel,14,62.88,5.24
536,Lovely Jingle,PG,2.99,18.99,65,Classics,14,62.87,4.836153846153846
693,Potter Connecticut,PG,2.99,16.99,115,Animation,17,62.85,4.19
254,Driver Annie,PG-13,2.99,11.99,159,Sports,18,62.84,3.9275
716,Reap Unfaithful,PG-13,2.99,26.99,136,Horror,16,62.84,3.9275
351,Gaslight Crusade,PG,2.99,10.99,106,Horror,16,62.84,3.9275
619,Neighbors Charade,R,0.99,20.99,161,Sports,19,62.83,3.6958823529411764
514,Lebowski Soldiers,PG-13,2.99,17.99,69,Drama,21,62.82,3.49
993,Wrong Behavior,PG-13,2.99,10.99,178,Children,20,62.8,3.14
228,Detective Vision,PG-13,0.99,16.99,143,Classics,27,62.76,2.615
525,Loathing Legally,R,0.99,29.99,140,Classics,27,62.74,2.413076923076923
126,Casualties Encino,G,4.99,16.99,179,Action,9,61.92,7.74
994,Wyoming Storm,PG-13,4.99,29.99,100,New,13,61.89,5.626363636363636
462,Insider Arizona,NC-17,2.99,17.99,78,Music,20,61.83,3.637058823529412
17,Alone Trip,R,0.99,14.99,82,Music,18,61.83,3.637058823529412
690,Pond Seattle,PG-13,2.99,25.99,185,Animation,19,61.82,3.4344444444444444
235,Divide Monster,PG-13,2.99,13.99,68,Sci-Fi,21,61.8,3.09
292,Excitement Eve,G,0.99,20.99,51,Action,21,61.8,3.09
641,Orange Grapes,PG-13,0.99,21.99,76,Foreign,24,61.78,2.808181818181818
824,Spartacus Cheaper,NC-17,4.99,19.99,52,Family,9,60.91,6.767777777777778
640,Opus Ice,R,4.99,21.99,102,Foreign,11,60.9,6.09
626,Noon Papi,G,2.99,12.99,57,Children,17,60.85,4.056666666666667
269,Earring Instinct,R,0.99,22.99,98,Family,19,60.83,3.578235294117647
800,Sinners Atlantis,PG-13,2.99,19.99,126,Horror,22,60.81,3.2005263157894737
266,Dynamite Tarzan,PG-13,0.99,27.99,141,Classics,25,60.77,2.6421739130434783
301,Family Sweet,R,0.99,24.99,155,Horror,29,60.73,2.335769230769231
499,King Evolution,NC-17,4.99,24.99,184,Family,9,59.92,7.49
487,Jingle Sagebrush,PG-13,4.99,29.99,124,Classics,13,59.89,5.444545454545454
88,Born Spinal,PG,4.99,17.99,179,Travel,12,59.88,4.99
478,Jaws Harry,G,2.99,10.99,112,Comedy,14,59.87,4.605384615384615
557,Manchurian Curtain,PG,2.99,27.99,177,Family,15,59.86,4.275714285714286
620,Nemo Campus,NC-17,2.99,23.99,131,Sci-Fi,14,59.86,4.275714285714286
42,Artist Coldblooded,NC-17,2.99,10.99,170,Sports,16,59.86,4.275714285714286
429,Honey Ties,R,0.99,29.99,84,Sports,19,59.84,3.74
158,Clones Pinocchio,R,2.99,16.99,124,Music,19,59.83,3.5194117647058825
56,Barefoot Manchurian,G,2.99,15.99,129,Action,18,59.83,3.5194117647058825
428,Homicide Peach,PG-13,2.99,21.99,141,Family,22,59.82,3.3233333333333333
811,Smile Earring,G,2.99,29.99,60,Travel,10,58.9,5.89
872,Sweet Brotherhood,R,2.99,27.99,185,Travel,15,58.89,5.3536363636363635
615,Nash Chocolat,PG-13,2.99,21.99,180,Animation,15,58.87,4.5284615384615385
344,Fury Murder,PG-13,0.99,28.99,178,Children,19,58.83,3.4605882352941175
242,Doom Dancing,R,0.99,13.99,68,Comedy,21,58.83,3.4605882352941175
311,Fiction Christmas,PG,0.99,14.99,72,Foreign,19,58.81,3.095263157894737
142,Chicken Hellfighters,PG,0.99,24.99,122,Documentary,22,58.81,3.095263157894737
651,Packer Madigan,PG-13,0.99,20.99,84,Animation,22,58.8,2.94
417,Hills Neighbors,G,0.99,29.99,93,Action,25,58.79,2.7995238095238095
881,Temple Attraction,PG,4.99,13.99,71,Horror,12,57.9,5.79
508,Lambs Cincinatti,PG-13,4.99,18.99,144,Games,10,57.9,5.79
633,October Submarine,PG-13,4.99,10.99,54,Classics,11,57.9,5.79
796,Sierra Divide,NC-17,0.99,12.99,135,Sports,15,57.85,3.856666666666667
317,Fireball Philadelphia,PG,0.99,25.99,148,Comedy,21,57.81,3.0426315789473684
93,Brannigan Sunrise,PG,4.99,27.99,121,New,12,56.91,6.323333333333333
276,Element Freddy,NC-17,4.99,28.99,115,Comedy,10,56.9,5.69
639,Opposite Necklace,PG,4.99,9.99,92,Family,13,56.89,5.171818181818182
342,Fugitive Maguire,R,4.99,28.99,83,Travel,11,56.89,5.171818181818182
567,Meet Chocolate,G,2.99,26.99,80,Foreign,12,56.89,5.171818181818182
92,Bowfinger Gables,NC-17,4.99,19.99,72,Horror,11,56.89,5.171818181818182
564,Massage Image,PG,2.99,11.99,161,Animation,12,56.89,5.171818181818182
449,Identity Lover,PG-13,2.99,12.99,119,Sci-Fi,13,56.88,4.74
916,Turn Star,G,2.99,10.99,80,Animation,14,56.88,4.74
90,Boulevard Mob,R,0.99,11.99,63,New,18,56.84,3.5525
189,Creatures Shakespeare,NC-17,0.99,23.99,139,Games,16,56.84,3.5525
150,Cider Desire,PG,2.99,9.99,101,Documentary,19,56.83,3.342941176470588
733,River Outlaw,PG-13,0.99,29.99,149,Sports,20,56.82,2.9905263157894737
245,Double Wrath,R,0.99,28.99,177,Animation,25,56.79,2.704285714285714
376,Grapes Fury,G,0.99,20.99,155,Foreign,22,56.77,2.5804545454545456
842,State Wasteland,NC-17,2.99,13.99,113,Games,13,55.89,4.6575
24,Analyze Hoosiers,R,2.99,19.99,181,Horror,14,55.86,3.99
58,Beach Heartbreakers,G,2.99,16.99,122,Documentary,17,55.86,3.99
606,Mummy Creatures,NC-17,0.99,15.99,160,Sports,16,55.85,3.723333333333333
380,Greek Everyone,PG,2.99,11.99,176,Foreign,17,55.83,3.2841176470588236
851,Straight Hours,R,0.99,19.99,151,Sports,20,55.81,2.9373684210526316
548,Magnificent Chitty,R,2.99,27.99,53,Classics,8,54.92,6.865
537,Lover Truman,G,2.99,29.99,75,Classics,10,54.91,6.101111111111111
13,Ali Forever,PG,4.99,21.99,150,Horror,9,54.91,6.101111111111111
591,Monsoon Cause,PG,4.99,20.99,182,Games,9,54.91,6.101111111111111
709,Racer Egg,NC-17,2.99,19.99,147,Drama,18,54.83,3.2252941176470586
204,Dalmations Sweden,PG,0.99,25.99,106,Drama,20,54.82,3.0455555555555556
647,Outfield Massacre,NC-17,0.99,18.99,129,Music,20,54.82,3.0455555555555556
890,Tights Dawn,R,0.99,14.99,172,Sports,26,54.76,2.2816666666666667
632,Nuts Ties,NC-17,4.99,10.99,145,New,9,53.91,5.99
75,Bird Independence,G,4.99,14.99,163,Travel,11,53.91,5.99
338,Frisco Forrest,PG,4.99,23.99,51,Sci-Fi,9,53.91,5.99
152,Circus Youth,PG-13,2.99,13.99,90,Children,15,53.86,3.847142857142857
474,Jade Bunch,NC-17,2.99,21.99,174,Sports,18,53.85,3.59
672,Perfect Groove,PG-13,2.99,17.99,82,Comedy,17,53.84,3.365
314,Fight Jawbreaker,R,0.99,13.99,91,Animation,22,53.8,2.69
586,Mockingbird Hollywood,PG,0.99,27.99,60,Action,24,53.78,2.4445454545454544
2,Ace Goldfinger,G,4.99,12.99,48,Horror,7,52.93,7.561428571428571
390,Guys Falcon,R,4.99,20.99,84,Sci-Fi,9,52.92,6.615
246,Doubtfire Labyrinth,R,4.99,16.99,154,Foreign,10,52.91,5.878888888888889
934,Vanilla Day,NC-17,4.99,20.99,122,Games,9,52.91,5.878888888888889
780,Sensibility Rear,PG,4.99,15.99,98,Family,10,52.9,5.29
731,Right Cranes,PG-13,4.99,29.99,153,Classics,10,52.9,5.29
705,Purple Movie,R,2.99,9.99,88,Foreign,13,52.88,4.406666666666666
783,Shane Darkness,PG,2.99,22.99,93,Travel,14,52.87,4.066923076923077
975,Willow Tracy,R,2.99,22.99,137,Family,16,52.85,3.5233333333333334
664,Patriot Roman,PG,2.99,12.99,65,Action,16,52.85,3.5233333333333334
358,Gilmore Boiled,R,0.99,29.99,163,Classics,28,52.76,2.1983333333333333
653,Panic Club,G,4.99,15.99,102,Horror,7,51.93,7.418571428571429
627,North Tequila,NC-17,4.99,9.99,67,Documentary,11,51.91,5.767777777777778
679,Pilot Hoosiers,PG,2.99,17.99,50,Family,16,51.86,3.704285714285714
601,Moulin Wake,PG-13,0.99,20.99,79,Travel,16,51.84,3.24
286,Enough Raging,NC-17,2.99,16.99,158,Travel,18,51.84,3.24
746,Rouge Squad,NC-17,0.99,10.99,118,Games,18,51.84,3.24
23,Anaconda Confessions,R,0.99,9.99,92,Animation,21,51.82,2.878888888888889
494,Karate Moon,PG-13,0.99,21.99,120,Horror,23,51.8,2.59
469,Iron Moon,PG,4.99,27.99,46,Classics,11,50.9,5.09
145,Chisum Behavior,G,4.99,25.99,124,Family,13,50.9,5.09
533,Lost Bird,PG-13,2.99,21.99,98,Foreign,12,50.9,5.09
977,Window Side,R,2.99,25.99,85,Travel,12,50.89,4.626363636363636
728,Reunion Witches,R,0.99,26.99,63,Drama,20,50.82,2.8233333333333333
26,Annie Identity,G,0.99,15.99,86,Sci-Fi,22,50.81,2.6742105263157896
863,Sun Confessions,R,0.99,9.99,141,Sci-Fi,25,50.77,2.207391304347826
395,Handicap Boondock,R,0.99,28.99,108,Action,28,50.76,2.115
91,Bound Cheaper,PG,0.99,17.99,98,Classics,24,50.76,2.115
932,Valley Packer,G,0.99,21.99,73,Comedy,15,49.88,4.156666666666666
293,Exorcist Sting,G,2.99,17.99,167,Sports,13,49.88,4.156666666666666
561,Mask Peach,NC-17,2.99,26.99,123,New,17,49.86,3.5614285714285714
410,Heaven Freedom,PG,2.99,19.99,48,Comedy,18,49.85,3.3233333333333333
631,Novocaine Flight,G,0.99,11.99,64,Sports,19,49.82,2.767777777777778
147,Chocolat Harry,NC-17,0.99,16.99,101,Family,20,49.81,2.621578947368421
206,Dancing Fever,G,0.99,25.99,144,Documentary,27,49.76,2.0733333333333333
659,Park Citizen,PG-13,4.99,14.99,109,Action,8,48.94,8.156666666666666
543,Madigan Dorado,R,4.99,20.99,116,Travel,10,48.92,6.115
371,Gosford Donnie,G,4.99,17.99,129,Action,8,48.92,6.115
587,Mod Secretary,NC-17,4.99,20.99,77,Documentary,11,48.91,5.434444444444444
729,Rider Caddyshack,PG,2.99,28.99,177,Sports,11,48.89,4.444545454545454
592,Monster Spartacus,PG,2.99,28.99,107,Music,15,48.86,3.49
937,Varsity Trip,NC-17,2.99,14.99,85,New,16,48.84,3.0525
737,Rock Instinct,G,0.99,28.99,102,Horror,17,48.83,2.8723529411764708
496,Kick Savannah,PG-13,0.99,10.99,179,Travel,20,48.83,2.8723529411764708
807,Sleuth Orient,NC-17,0.99,25.99,87,Games,21,48.81,2.5689473684210524
810,Slums Duck,PG,0.99,21.99,147,Family,24,48.78,2.2172727272727273
779,Sense Greek,R,4.99,23.99,54,Sports,7,47.93,6.847142857142857
721,Reds Pocus,PG-13,4.99,23.99,182,Music,9,47.92,5.99
503,Kramer Chocolate,R,2.99,24.99,171,Sports,9,47.91,5.323333333333333
5,African Egg,G,2.99,22.99,130,Family,12,47.89,4.3536363636363635
232,Dirty Ace,NC-17,2.99,29.99,147,Games,15,47.87,3.6823076923076923
546,Madre Gables,PG-13,2.99,27.99,98,Games,14,47.87,3.6823076923076923
988,Worker Tarzan,R,2.99,26.99,139,Travel,15,47.86,3.4185714285714286
345,Gables Metropolis,PG,0.99,17.99,161,Family,19,47.83,2.813529411764706
406,Haunting Pianist,R,0.99,22.99,181,Games,22,47.8,2.39
945,Virginian Pluto,R,0.99,22.99,164,Documentary,29,47.75,1.91
384,Grosse Wonderful,R,4.99,19.99,49,Music,8,46.92,5.865
984,Wonderful Drop,NC-17,2.99,20.99,126,Foreign,9,46.92,5.865
905,Trainspotting Strangers,PG-13,4.99,10.99,132,Comedy,11,46.91,5.2122222222222225
837,Stage World,PG,2.99,19.99,85,Comedy,10,46.9,4.69
16,Alley Evolution,NC-17,2.99,23.99,180,Foreign,14,46.87,3.605384615384615
900,Town Ark,R,2.99,17.99,136,Foreign,14,46.87,3.605384615384615
793,Shrunk Divine,R,2.99,14.99,139,Action,14,46.87,3.605384615384615
913,Troopers Metal,R,0.99,20.99,115,New,14,46.86,3.347142857142857
111,Caddyshack Jedi,NC-17,0.99,17.99,52,Action,16,46.86,3.347142857142857
458,Indian Love,NC-17,0.99,26.99,135,Family,16,46.85,3.1233333333333335
623,Newton Labyrinth,PG,0.99,9.99,75,Foreign,17,46.84,2.9275
388,Gunfight Moon,NC-17,0.99,16.99,70,Comedy,24,46.79,2.228095238095238
156,Clerks Angels,G,4.99,15.99,164,Documentary,7,45.94,7.656666666666666
124,Casper Dragonfly,PG-13,4.99,16.99,163,Children,8,45.93,6.561428571428571
528,Lolita World,NC-17,2.99,25.99,155,Family,10,45.91,5.101111111111111
104,Bugsy Song,G,2.99,17.99,119,Foreign,11,45.91,5.101111111111111
209,Darkness War,NC-17,2.99,24.99,99,Drama,13,45.88,3.8233333333333333
927,Uprising Uptown,NC-17,2.99,16.99,174,Action,16,45.87,3.5284615384615385
681,Pirates Roxanne,PG,0.99,20.99,100,Sports,21,45.81,2.545
197,Crusade Honey,R,2.99,27.99,112,Sports,8,44.93,6.418571428571429
826,Speed Suit,PG-13,4.99,19.99,124,Travel,9,44.92,5.615
211,Darling Breaking,PG-13,4.99,20.99,165,Games,9,44.92,5.615
788,Ship Wonderland,R,2.99,15.99,104,Documentary,15,44.86,3.204285714285714
436,Hours Rage,NC-17,0.99,14.99,122,New,19,44.82,2.49
256,Drop Waterfront,R,4.99,20.99,178,Sports,9,43.92,5.49
30,Anything Savannah,R,2.99,27.99,82,Horror,9,43.92,5.49
692,Potluck Mixed,G,2.99,10.99,179,Animation,11,43.9,4.39
573,Microcosmos Paradise,PG-13,2.99,22.99,105,Children,13,43.88,3.6566666666666667
201,Cyclone Family,PG,2.99,18.99,176,Foreign,15,43.87,3.1335714285714285
673,Personal Ladybugs,PG-13,0.99,19.99,118,Music,14,43.87,3.374615384615385
333,Freaky Pocus,R,2.99,16.99,126,Music,17,43.86,3.132857142857143
784,Shanghai Tycoon,PG,2.99,20.99,47,Travel,14,43.86,3.132857142857143
925,United Pilot,R,0.99,27.99,164,Documentary,17,43.85,2.9233333333333333
363,Go Purple,R,0.99,12.99,54,Music,20,43.83,2.578235294117647
650,Pacific Amistad,G,0.99,27.99,144,Documentary,24,43.81,2.3057894736842104
367,Goldmine Tycoon,R,0.99,20.99,153,Sci-Fi,27,43.76,1.8233333333333333
470,Ishtar Rocketeer,R,4.99,24.99,79,Animation,7,42.94,7.156666666666666
750,Run Pacific,R,0.99,25.99,145,New,10,42.91,4.767777777777778
960,Wars Pluto,G,2.99,15.99,128,Documentary,10,42.9,4.29
589,Modern Dorado,PG,0.99,20.99,74,Documentary,15,42.88,3.5733333333333333
296,Express Lonely,R,2.99,23.99,178,Sci-Fi,13,42.88,3.5733333333333333
770,Scissorhands Slums,G,2.99,13.99,147,Foreign,15,42.88,3.5733333333333333
287,Entrapment Satisfaction,R,0.99,19.99,176,Action,15,42.87,3.2976923076923077
373,Graduate Lord,G,2.99,14.99,156,Children,16,42.87,3.2976923076923077
847,Stock Glass,PG,2.99,10.99,160,New,14,42.87,3.2976923076923077
921,Uncut Suicides,PG-13,2.99,29.99,172,Music,14,42.87,3.2976923076923077
526,Lock Rear,R,2.99,10.99,120,Travel,16,42.86,3.0614285714285714
504,Kwai Homeward,PG-13,0.99,25.99,46,Drama,23,42.8,2.14
951,Voyage Legally,PG-13,0.99,28.99,78,Classics,28,42.75,1.71
849,Storm Happiness,NC-17,0.99,28.99,57,Animation,29,42.74,1.6438461538461537
703,Punk Divorce,PG,4.99,18.99,100,Animation,8,41.93,5.99
431,Hoosiers Birdcage,G,2.99,12.99,176,Foreign,8,41.92,5.24
435,Hotel Happiness,PG-13,4.99,28.99,181,Foreign,9,41.92,5.24
582,Miracle Virtual,PG-13,2.99,19.99,162,Animation,9,41.92,5.24
96,Breaking Home,PG-13,2.99,21.99,169,New,13,41.9,4.19
825,Speakeasy Date,PG-13,2.99,22.99,165,Action,12,41.89,3.808181818181818
213,Date Speed,R,0.99,19.99,104,Family,13,41.88,3.49
660,Party Knock,PG,2.99,11.99,107,Comedy,13,41.88,3.49
505,Labyrinth League,PG-13,2.99,24.99,46,Children,15,41.87,3.2207692307692306
39,Armageddon Lost,G,0.99,10.99,99,Sci-Fi,21,41.8,2.09
47,Baby Hall,NC-17,4.99,23.99,153,Foreign,8,40.93,5.847142857142857
161,Clue Grail,NC-17,4.99,27.99,70,Music,7,40.93,5.847142857142857
289,Eve Resurrection,G,4.99,25.99,66,New,7,40.93,5.847142857142857
565,Matrix Snowman,PG-13,4.99,9.99,56,Foreign,9,40.92,5.115
685,Platoon Instinct,PG-13,4.99,10.99,132,New,9,40.92,5.115
375,Grail Frankenstein,NC-17,2.99,17.99,85,Action,10,40.92,5.115
876,Tarzan Videotape,PG-13,2.99,11.99,91,Horror,8,40.92,5.115
337,Frida Slipper,R,2.99,11.99,73,Foreign,11,40.9,3.7181818181818183
328,Forever Candidate,NC-17,2.99,28.99,131,Children,13,40.88,3.4066666666666667
962,Wasteland Divine,PG,2.99,18.99,85,Classics,15,40.88,3.4066666666666667
442,Hunting Musketeers,NC-17,2.99,24.99,65,Family,15,40.88,3.4066666666666667
658,Paris Weekend,PG-13,2.99,19.99,121,Horror,14,40.88,3.4066666666666667
383,Groove Fiction,NC-17,0.99,13.99,111,Sports,18,40.83,2.401764705882353
906,Tramp Others,PG,0.99,27.99,171,Comedy,20,40.82,2.267777777777778
54,Banger Pinocchio,R,0.99,15.99,113,Music,22,40.8,2.04
273,Effect Gladiator,PG,0.99,14.99,107,Family,25,40.79,1.9423809523809523
833,Splendor Patton,R,0.99,20.99,134,Children,21,40.79,1.9423809523809523
687,Pocus Pulp,NC-17,0.99,15.99,138,Documentary,26,40.75,1.63
485,Jersey Sassy,PG,4.99,16.99,60,Children,6,39.94,6.656666666666666
884,Terminator Club,R,4.99,11.99,88,Music,6,39.94,6.656666666666666
466,Intolerable Intentions,PG-13,4.99,20.99,63,Documentary,9,39.93,5.704285714285715
316,Fire Wolves,R,4.99,18.99,173,Games,7,39.93,5.704285714285715
422,Hollow Jeopardy,NC-17,4.99,25.99,136,Sci-Fi,10,39.92,4.99
515,Legally Secretary,PG,4.99,14.99,113,Children,9,39.92,4.99
740,Rollercoaster Bringing,PG-13,2.99,13.99,153,Horror,10,39.91,4.434444444444444
530,Lord Arizona,PG-13,2.99,27.99,108,Action,11,39.9,3.99
394,Hamlet Wisdom,R,2.99,21.99,146,Sci-Fi,14,39.88,3.3233333333333333
829,Spinal Rocky,PG-13,2.99,12.99,138,Family,13,39.87,3.066923076923077
652,Pajama Jawbreaker,R,0.99,14.99,126,Classics,14,39.86,2.847142857142857
110,Cabin Flash,NC-17,0.99,25.99,53,Children,15,39.86,2.847142857142857
233,Disciple Mother,PG,0.99,17.99,141,Travel,19,39.82,2.212222222222222
602,Mourning Purple,PG,0.99,14.99,146,Sci-Fi,21,39.81,2.095263157894737
472,Italian African,G,4.99,24.99,174,Travel,6,38.94,6.49
719,Records Zorro,PG,4.99,11.99,182,Sports,8,38.93,5.561428571428571
828,Spiking Element,G,2.99,12.99,79,Classics,13,38.88,3.24
574,Midnight Westward,G,0.99,19.99,86,Action,17,38.84,2.4275
282,Encounters Curtain,NC-17,0.99,20.99,92,Drama,19,38.82,2.1566666666666667
160,Club Graffiti,PG-13,0.99,12.99,65,Animation,19,38.82,2.283529411764706
982,Women Dorado,R,0.99,23.99,126,Action,23,38.81,1.9405
191,Crooked Frogmen,PG-13,0.99,27.99,143,Children,23,38.79,1.8471428571428572
677,Pianist Outfield,NC-17,0.99,25.99,136,New,21,38.78,1.8466666666666667
372,Graceland Dynamite,R,4.99,26.99,140,Sports,6,37.94,6.323333333333333
364,Godfather Diary,NC-17,2.99,14.99,73,New,8,37.92,4.74
939,Vertigo Northwest,R,2.99,17.99,90,Comedy,8,37.92,4.74
522,Life Twisted,NC-17,2.99,9.99,137,Comedy,10,37.92,4.74
815,Snatchers Montezuma,PG-13,2.99,14.99,74,Classics,9,37.91,4.2122222222222225
700,Prix Undefeated,R,2.99,13.99,115,Family,11,37.9,3.79
792,Shrek License,PG-13,2.99,15.99,154,Foreign,15,37.88,3.1566666666666667
744,Roots Remember,PG-13,0.99,23.99,89,Classics,17,37.86,2.704285714285714
488,Joon Northwest,NC-17,0.99,23.99,105,Sports,17,37.84,2.365
164,Coast Rainbow,PG,0.99,20.99,55,Documentary,21,37.82,2.101111111111111
12,Alaska Phantom,PG,0.99,22.99,136,Music,26,37.77,1.6421739130434783
119,Caper Motions,G,0.99,22.99,176,Comedy,24,37.77,1.6421739130434783
268,Early Home,NC-17,4.99,27.99,96,Animation,7,36.94,6.156666666666666
279,Elizabeth Shane,NC-17,4.99,11.99,152,Sports,10,36.93,5.275714285714286
817,Soldiers Evolution,R,4.99,27.99,185,Sci-Fi,8,36.93,5.275714285714286
257,Drumline Cyclone,G,0.99,14.99,110,Travel,11,36.9,3.69
40,Army Flintstones,R,0.99,22.99,148,Documentary,16,36.86,2.632857142857143
618,Necklace Outbreak,PG,0.99,21.99,132,Drama,15,36.86,2.632857142857143
552,Majestic Floats,PG,0.99,15.99,130,Documentary,17,36.85,2.4566666666666666
864,Sundance Invasion,NC-17,0.99,21.99,92,Children,19,36.82,2.0455555555555556
461,Insects Stone,NC-17,0.99,14.99,123,Animation,18,36.81,2.045
467,Intrigue Worst,G,0.99,10.99,181,Foreign,20,36.81,1.9373684210526316
790,Shootist Superfly,PG-13,0.99,22.99,67,Drama,24,36.77,1.598695652173913
970,Westward Seabiscuit,NC-17,0.99,11.99,52,Classics,26,36.75,1.47
697,Primary Glass,G,0.99,16.99,53,Action,27,36.73,1.3603703703703705
340,Frontier Cabin,PG-13,4.99,14.99,183,New,6,35.94,5.99
695,President Bang,PG,4.99,12.99,144,Family,7,35.94,5.99
769,School Jacket,PG-13,4.99,21.99,151,Foreign,6,35.94,5.99
102,Bubble Grosse,R,4.99,20.99,60,Sports,6,35.94,5.99
360,Glass Dying,G,0.99,24.99,103,Action,14,35.88,2.99
303,Fantasy Troopers,PG-13,0.99,27.99,58,Action,26,35.79,1.7042857142857144
850,Story Side,R,0.99,27.99,163,Action,28,35.74,1.3746153846153846
595,Moon Bunch,PG,0.99,20.99,83,Foreign,29,35.74,1.3746153846153846
278,Elf Murder,NC-17,4.99,19.99,155,Music,7,34.94,5.823333333333333
3,Adaptation Holes,NC-17,2.99,18.99,50,Documentary,12,34.89,3.171818181818182
549,Magnolia Forrester,PG-13,0.99,28.99,171,Action,11,34.89,3.171818181818182
452,Illusion Amelie,R,0.99,15.99,122,Foreign,15,34.87,2.6823076923076923
241,Donnie Alley,NC-17,0.99,20.99,125,Animation,14,34.87,2.6823076923076923
877,Taxi Kick,PG-13,0.99,23.99,64,Music,17,34.83,2.0488235294117647
457,Independence Hotel,NC-17,0.99,21.99,157,Documentary,19,34.82,1.9344444444444444
270,Earth Vision,NC-17,0.99,29.99,85,New,23,34.77,1.5117391304347827
122,Carrie Bunch,PG,0.99,11.99,114,Horror,23,34.77,1.5117391304347827
200,Curtain Videotape,PG-13,0.99,27.99,133,Games,27,34.77,1.44875
875,Talented Homicide,PG,0.99,9.99,173,Sports,29,34.76,1.4483333333333333
310,Fever Empire,R,4.99,20.99,158,Games,5,33.95,6.79
550,Maguire Apache,NC-17,2.99,22.99,74,Family,9,33.91,3.767777777777778
952,Wagon Jaws,PG,2.99,17.99,152,Documentary,10,33.91,3.767777777777778
187,Cranes Reservoir,NC-17,2.99,12.99,57,Sports,11,33.91,3.767777777777778
80,Blanket Beverly,G,2.99,21.99,148,Family,12,33.9,3.39
577,Mile Mulan,PG,0.99,10.99,64,Sports,13,33.89,3.080909090909091
832,Splash Gump,PG,0.99,16.99,175,Family,14,33.86,2.4185714285714286
963,Watch Tracy,PG,0.99,12.99,78,Animation,16,33.85,2.256666666666667
524,Lion Uncut,PG,0.99,13.99,50,Comedy,18,33.83,1.99
976,Wind Phantom,R,0.99,12.99,111,Games,23,33.79,1.609047619047619
1,Academy Dinosaur,PG,0.99,20.99,86,Documentary,23,33.79,1.609047619047619
883,Tequila Past,PG,4.99,17.99,53,Children,6,32.94,5.49
411,Heavenly Gun,NC-17,4.99,13.99,49,Music,7,32.94,5.49
106,Bulworth Commandments,G,2.99,14.99,61,Games,7,32.93,4.704285714285715
540,Lucky Flying,PG-13,2.99,10.99,97,Music,13,32.9,3.29
553,Maker Gables,PG-13,0.99,12.99,136,Children,10,32.9,3.29
848,Stone Fire,G,0.99,19.99,94,Travel,11,32.9,3.29
756,Saddle Antitrust,PG-13,2.99,10.99,80,Comedy,14,32.89,2.99
736,Robbery Bright,R,0.99,21.99,134,Family,13,32.88,2.74
862,Summer Scarface,G,0.99,25.99,53,Classics,16,32.86,2.347142857142857
840,Stampede Disturbing,R,0.99,26.99,75,Games,14,32.86,2.347142857142857
949,Volcano Texas,NC-17,0.99,27.99,157,Games,22,32.81,1.726842105263158
19,Amadeus Holy,PG,0.99,20.99,113,Action,21,32.8,1.64
224,Desperate Trainspotting,G,4.99,29.99,81,Travel,6,31.94,5.323333333333333
405,Haunted Antitrust,NC-17,4.99,13.99,76,Travel,6,31.94,5.323333333333333
182,Control Anthem,G,4.99,9.99,185,Comedy,7,31.94,5.323333333333333
248,Dozen Lion,NC-17,4.99,20.99,177,Documentary,7,31.94,5.323333333333333
225,Destination Jerk,PG-13,0.99,19.99,76,Drama,8,31.92,3.99
758,Saints Bride,G,2.99,11.99,125,Drama,8,31.92,3.99
306,Feathers Metal,PG-13,0.99,12.99,104,Games,11,31.91,3.5455555555555556
714,Random Go,NC-17,2.99,29.99,73,Sci-Fi,9,31.91,3.5455555555555556
413,Hedwig Alter,NC-17,2.99,16.99,169,Comedy,12,31.9,3.19
819,Song Hedwig,PG-13,0.99,29.99,165,Music,11,31.9,3.19
576,Mighty Luck,PG,2.99,13.99,122,Documentary,12,31.9,3.19
617,Natural Stock,PG-13,0.99,24.99,50,Family,13,31.88,2.6566666666666667
732,Rings Heartbreakers,G,0.99,17.99,58,Action,15,31.87,2.4515384615384614
85,Bonnie Holocaust,G,0.99,29.99,63,Documentary,16,31.85,2.1233333333333335
948,Voice Peach,PG-13,0.99,22.99,139,New,19,31.83,1.8723529411764706
646,Outbreak Divine,NC-17,0.99,12.99,169,Games,23,31.82,1.767777777777778
132,Chainsaw Uptown,PG,0.99,25.99,114,Sci-Fi,21,31.81,1.6742105263157896
176,Congeniality Quest,PG-13,0.99,21.99,87,Sports,22,31.81,1.6742105263157896
309,Feud Frogmen,R,0.99,29.99,98,Family,25,31.8,1.59
781,Seven Swarm,R,4.99,15.99,127,Games,5,30.95,6.19
82,Blood Argonauts,G,0.99,13.99,71,Family,10,30.93,4.418571428571429
490,Jumanji Blade,G,2.99,13.99,121,New,8,30.92,3.865
604,Mulan Moon,G,0.99,10.99,160,Comedy,13,30.89,2.808181818181818
886,Theory Mermaid,PG-13,0.99,9.99,184,Animation,11,30.88,2.807272727272727
299,Factory Dragon,PG-13,0.99,9.99,144,Travel,17,30.85,2.0566666666666666
560,Mars Roman,NC-17,0.99,21.99,62,Games,19,30.83,1.8135294117647058
140,Cheaper Clyde,G,0.99,23.99,87,Sci-Fi,20,30.83,1.8135294117647058
18,Alter Victory,PG-13,0.99,27.99,57,Animation,22,30.8,1.54
387,Gun Bonnie,G,0.99,27.99,100,Games,25,30.79,1.4661904761904763
11,Alamo Videotape,G,0.99,16.99,126,Foreign,24,30.78,1.3990909090909092
368,Gone Trouble,R,2.99,20.99,84,Drama,10,29.92,3.74
393,Halloween Nuts,PG-13,2.99,19.99,47,Documentary,10,29.92,3.74
726,Reservoir Adaptation,PG-13,2.99,29.99,61,Foreign,10,29.91,3.3233333333333333
978,Wisdom Worker,R,0.99,12.99,98,Comedy,9,29.91,3.3233333333333333
928,Uptown Young,PG,2.99,16.99,84,Children,12,29.9,2.99
761,Santa Paris,PG,2.99,23.99,154,Children,11,29.9,2.99
794,Side Ark,G,0.99,28.99,52,Action,12,29.88,2.49
747,Roxanne Rebel,R,0.99,9.99,171,Games,19,29.83,1.7547058823529411
79,Blade Polish,PG-13,0.99,10.99,114,Drama,22,29.81,1.4905
143,Chill Luck,PG,0.99,17.99,142,Drama,22,29.79,1.4185714285714286
541,Luke Mummy,NC-17,2.99,21.99,74,Animation,7,28.93,4.132857142857143
185,Cowboy Doom,PG,2.99,10.99,146,Foreign,7,28.93,4.132857142857143
926,Untouchables Sunrise,NC-17,2.99,11.99,120,Documentary,8,28.93,4.132857142857143
146,Chitty Lock,G,2.99,24.99,107,Drama,8,28.92,3.615
264,Dwarfs Alter,G,2.99,13.99,101,Games,9,28.92,3.615
983,Won Dares,PG,2.99,18.99,105,Music,9,28.91,3.212222222222222
482,Jeopardy Encino,R,0.99,12.99,102,Classics,10,28.9,2.89
896,Tootsie Pilot,PG,0.99,10.99,157,Children,15,28.88,2.4066666666666667
205,Dances None,NC-17,0.99,22.99,58,Action,14,28.87,2.2207692307692306
534,Louisiana Harry,PG-13,0.99,18.99,70,Family,17,28.84,1.8025
130,Celebrity Horn,PG-13,0.99,24.99,110,Action,24,28.79,1.370952380952381
786,Shepherd Midsummer,R,0.99,14.99,113,Children,25,28.77,1.2508695652173913
459,Informer Double,NC-17,4.99,23.99,74,Foreign,5,27.95,5.59
29,Antitrust Tomatoes,NC-17,2.99,11.99,168,Action,10,27.93,3.99
836,Squad Fish,PG,2.99,14.99,136,Sports,7,27.93,3.99
656,Papi Necklace,PG,0.99,9.99,128,Travel,8,27.93,3.99
240,Dolls Rage,PG-13,2.99,10.99,120,Sci-Fi,9,27.92,3.49
585,Mob Duffel,G,0.99,25.99,105,Drama,12,27.9,2.79
581,Minority Kiss,G,0.99,16.99,59,Music,12,27.89,2.3241666666666667
250,Dragon Squad,NC-17,0.99,26.99,170,Action,11,27.89,2.5354545454545456
155,Cleopatra Devil,PG-13,0.99,26.99,150,New,18,27.85,1.740625
717,Rear Trading,NC-17,0.99,23.99,97,Action,17,27.85,1.8566666666666667
743,Room Roman,PG,0.99,27.99,60,Animation,20,27.82,1.5455555555555556
416,Highball Potter,R,0.99,10.99,110,Foreign,21,27.81,1.4636842105263157
281,Encino Elf,G,0.99,9.99,143,Games,19,27.81,1.4636842105263157
118,Canyon Stock,R,0.99,26.99,85,Animation,19,27.81,1.4636842105263157
377,Grease Youth,G,0.99,20.99,135,Family,21,27.8,1.39
699,Private Drop,PG,4.99,26.99,106,Games,5,26.95,5.39
674,Pet Haunting,PG,0.99,11.99,99,Foreign,8,26.92,3.365
208,Dares Pluto,PG-13,2.99,16.99,89,Animation,9,26.92,3.365
923,Unfaithful Kill,R,2.99,12.99,78,Drama,8,26.92,3.365
188,Crazy Home,PG,2.99,24.99,136,Comedy,9,26.91,2.99
315,Finding Anaconda,R,0.99,10.99,156,Family,12,26.9,2.69
291,Evolution Alter,PG-13,0.99,10.99,174,Sports,12,26.88,2.24
280,Empire Malkovich,G,0.99,26.99,177,Children,21,26.81,1.4110526315789473
149,Christmas Moonshine,NC-17,0.99,21.99,150,Children,21,26.81,1.4110526315789473
107,Bunch Minds,G,2.99,13.99,63,Drama,5,25.95,5.19
684,Pizza Jumanji,NC-17,2.99,11.99,173,Games,7,25.94,4.323333333333333
223,Desire Alien,NC-17,2.99,24.99,76,Animation,8,25.92,3.24
600,Motions Details,PG,0.99,16.99,166,Horror,16,25.87,1.8478571428571429
907,Translation Summer,PG-13,0.99,10.99,168,Drama,15,25.87,1.99
89,Borrowers Bedazzled,G,0.99,22.99,63,Animation,22,25.8,1.29
741,Roman Punk,NC-17,0.99,28.99,81,Music,24,25.79,1.2280952380952381
904,Train Bunch,R,4.99,26.99,71,Horror,4,24.96,6.24
441,Hunter Alter,PG-13,2.99,21.99,125,Documentary,5,24.95,4.99
32,Apocalypse Flamingos,R,4.99,11.99,119,New,6,24.95,4.99
903,Traffic Hobbit,G,4.99,13.99,139,Travel,5,24.95,4.99
62,Bed Highball,NC-17,2.99,23.99,106,Documentary,6,24.94,4.156666666666666
990,World Leathernecks,PG-13,0.99,13.99,171,Horror,8,24.92,3.115
230,Diary Panic,G,2.99,20.99,107,Drama,9,24.92,3.115
636,Oleander Clue,PG,0.99,12.99,161,Music,10,24.91,2.767777777777778
629,Notorious Reunion,NC-17,0.99,9.99,128,Documentary,14,24.87,1.9130769230769231
258,Drums Dynamite,PG,0.99,11.99,96,Horror,13,24.87,1.9130769230769231
809,Slipper Fidelity,PG-13,0.99,14.99,156,Sports,16,24.86,1.7757142857142858
562,Masked Bubble,PG-13,0.99,12.99,151,Music,20,24.81,1.3057894736842106
727,Resurrection Silverado,PG,0.99,12.99,117,Family,21,24.81,1.3057894736842106
218,Deceiver Betrayed,NC-17,0.99,22.99,122,Drama,21,24.8,1.24
981,Wolves Desire,NC-17,0.99,13.99,55,Travel,21,24.79,1.1804761904761905
558,Mannequin Worst,PG-13,2.99,18.99,71,New,5,23.95,4.79
238,Doctor Grail,G,2.99,29.99,57,Children,7,23.95,4.79
125,Cassidy Wyoming,NC-17,2.99,19.99,61,Travel,6,23.94,3.99
136,Chaplin License,NC-17,2.99,26.99,146,New,8,23.92,2.99
163,Clyde Theory,PG-13,0.99,29.99,139,New,8,23.92,2.99
76,Birdcage Casper,NC-17,0.99,23.99,103,Music,9,23.91,2.6566666666666667
722,Reef Salute,NC-17,0.99,26.99,123,Horror,11,23.89,2.171818181818182
492,Jungle Closer,NC-17,0.99,11.99,134,New,9,23.88,1.99
427,Homeward Cider,R,0.99,19.99,103,Documentary,16,23.84,1.49
424,Holocaust Highball,R,0.99,12.99,149,Children,17,23.84,1.49
399,Happiness United,G,2.99,23.99,100,Foreign,6,22.94,3.8233333333333333
517,Lesson Cleopatra,NC-17,0.99,28.99,167,Sports,7,22.94,3.8233333333333333
297,Extraordinary Conquerer,G,2.99,29.99,122,Classics,6,22.94,3.8233333333333333
53,Bang Kwai,NC-17,2.99,25.99,87,Family,7,22.93,3.275714285714286
622,Newsies Story,G,0.99,25.99,159,Documentary,7,22.93,3.275714285714286
787,Shining Roses,G,0.99,12.99,125,Travel,8,22.92,2.865
766,Savannah Town,PG-13,0.99,25.99,84,Drama,12,22.9,2.29
290,Everyone Craft,PG,0.99,29.99,163,Foreign,13,22.89,2.080909090909091
992,Wrath Mile,NC-17,0.99,17.99,176,Documentary,14,22.87,1.7592307692307692
535,Love Suicides,R,0.99,21.99,181,Horror,20,22.85,1.5233333333333332
924,Unforgiven Zoolander,PG,0.99,15.99,129,Sci-Fi,18,22.84,1.4275
249,Dracula Crystal,G,0.99,26.99,176,Classics,21,22.81,1.2005263157894737
237,Divorce Shining,G,2.99,21.99,47,Sports,7,21.95,4.39
675,Phantom Glory,NC-17,2.99,17.99,60,New,6,21.94,3.6566666666666667
513,Leathernecks Dwarfs,PG-13,2.99,21.99,153,Travel,7,21.94,3.6566666666666667
959,Warlock Werewolf,G,2.99,10.99,83,Children,6,21.94,3.6566666666666667
498,Killer Innocent,R,2.99,11.99,161,Family,6,21.94,3.6566666666666667
539,Luck Opus,NC-17,2.99,21.99,152,Drama,10,21.93,3.132857142857143
605,Mulholland Beast,PG,2.99,13.99,157,Foreign,7,21.93,3.132857142857143
34,Arabia Dogma,NC-17,0.99,29.99,62,Horror,13,21.88,1.8233333333333333
153,Citizen Shrek,G,0.99,18.99,165,Sci-Fi,13,21.87,1.6823076923076923
942,Vietnam Smoochy,PG-13,0.99,27.99,174,Drama,15,21.86,1.5614285714285714
105,Bull Shawshank,NC-17,0.99,21.99,125,Action,16,21.84,1.365
663,Patient Sister,NC-17,0.99,29.99,99,Classics,19,21.82,1.212222222222222
259,Duck Racer,NC-17,2.99,15.99,116,Animation,6,20.95,4.19
610,Music Boondock,R,0.99,17.99,129,Family,19,20.83,1.2252941176470589
97,Bride Intrigue,G,0.99,24.99,56,Action,19,20.82,1.1566666666666667
479,Jedi Beneath,PG,0.99,12.99,128,Family,19,20.82,1.1566666666666667
352,Gathering Calendar,PG-13,0.99,22.99,176,Games,11,19.9,1.99
593,Monterey Labyrinth,G,0.99,13.99,158,Horror,13,19.89,1.8081818181818181
882,Tenenbaums Command,PG-13,0.99,24.99,99,Drama,13,19.88,1.6566666666666667
821,Sorority Queen,NC-17,0.99,17.99,184,Foreign,12,19.88,1.6566666666666667
440,Hunger Roof,G,0.99,21.99,105,Foreign,13,19.88,1.6566666666666667
634,Odds Boogie,NC-17,0.99,14.99,48,Family,15,19.87,1.5284615384615385
894,Tomatoes Hellfighters,PG,0.99,23.99,68,Travel,14,19.86,1.4185714285714286
799,Simon North,NC-17,0.99,26.99,51,Horror,6,18.94,3.1566666666666667
569,Menagerie Rushmore,G,2.99,18.99,147,Animation,7,18.94,3.1566666666666667
754,Rushmore Mermaid,PG-13,2.99,17.99,150,Comedy,6,18.94,3.1566666666666667
454,Impact Aladdin,PG-13,0.99,20.99,180,Music,9,18.92,2.365
834,Spoilers Hellfighters,G,0.99,26.99,151,Documentary,10,18.91,2.101111111111111
831,Spirited Casualties,PG-13,0.99,20.99,138,Sci-Fi,11,18.9,1.89
509,Language Cowboy,NC-17,0.99,26.99,78,Children,11,18.9,1.89
186,Craft Outfield,NC-17,0.99,17.99,64,Drama,16,18.86,1.3471428571428572
688,Polish Brooklyn,PG,0.99,12.99,61,Children,18,18.85,1.2566666666666666
507,Ladybugs Armageddon,NC-17,0.99,13.99,113,Games,6,17.94,2.99
520,License Weekend,NC-17,2.99,28.99,91,Sci-Fi,7,17.94,2.99
547,Magic Mallrats,PG,0.99,19.99,117,Children,7,17.93,2.5614285714285714
425,Holy Tadpole,R,0.99,20.99,88,Classics,9,17.92,2.24
613,Mystic Truman,NC-17,0.99,19.99,92,Comedy,10,17.92,2.24
357,Gilbert Pelican,G,0.99,13.99,114,Classics,9,17.91,1.99
283,Ending Crowds,NC-17,0.99,10.99,85,New,11,17.9,1.79
27,Anonymous Human,NC-17,0.99,12.99,179,Sports,13,17.87,1.3746153846153846
855,Streak Ridgemont,PG-13,0.99,28.99,132,Documentary,16,17.87,1.3746153846153846
430,Hook Chariots,G,0.99,23.99,49,Animation,13,17.87,1.3746153846153846
696,Pride Alamo,NC-17,0.99,20.99,114,Animation,16,17.85,1.19
812,Smoking Barbarella,PG-13,0.99,13.99,50,Documentary,18,17.84,1.0494117647058823
180,Conspiracy Spirit,PG-13,2.99,27.99,184,Classics,5,16.95,3.39
343,Full Flatliners,PG,2.99,14.99,94,Children,5,16.95,3.39
94,Braveheart Human,PG-13,2.99,14.99,176,Family,5,16.95,3.39
997,Youth Kick,NC-17,0.99,14.99,179,Music,6,16.94,2.8233333333333333
868,Superfly Trip,PG,0.99,27.99,114,Travel,10,16.91,1.8788888888888888
339,Frogmen Breaking,R,0.99,17.99,111,Travel,10,16.9,1.69
66,Beneath Rush,NC-17,0.99,27.99,53,Children,10,16.9,1.69
538,Loverboy Attacks,PG-13,0.99,19.99,162,New,12,16.89,1.5354545454545454
598,Mosquito Armageddon,G,0.99,22.99,57,Sports,15,16.89,1.5354545454545454
64,Beethoven Exorcist,PG-13,0.99,26.99,151,Drama,11,16.89,1.5354545454545454
348,Gandhi Kwai,PG-13,0.99,9.99,86,Family,17,16.87,1.2976923076923077
795,Siege Madre,R,0.99,23.99,111,Family,15,16.86,1.2042857142857144
400,Hardly Robbers,R,2.99,15.99,72,Documentary,4,15.96,3.99
584,Mixed Doors,PG-13,2.99,26.99,180,Foreign,4,15.96,3.99
612,Mussolini Spoilers,G,2.99,10.99,180,Sports,5,15.95,3.19
974,Wild Apollo,R,0.99,24.99,181,New,6,15.94,2.6566666666666667
511,Lawrence Love,NC-17,0.99,23.99,175,Action,13,15.87,1.2207692307692308
797,Silence Kane,R,0.99,23.99,67,Music,16,15.85,1.0566666666666666
362,Glory Tracy,PG-13,2.99,13.99,115,Games,5,14.95,2.99
808,Sling Luke,R,0.99,10.99,84,Classics,6,14.94,2.49
935,Vanished Garden,R,0.99,17.99,142,New,7,14.94,2.1342857142857143
752,Runner Madigan,NC-17,0.99,27.99,101,Music,8,14.92,1.865
194,Crow Grease,PG,0.99,22.99,104,Action,12,14.89,1.3536363636363635
813,Smoochy Control,R,0.99,18.99,184,Sports,12,14.88,1.24
762,Sassy Packer,G,0.99,29.99,154,Games,13,14.88,1.24
63,Bedazzled Married,PG,0.99,21.99,73,Family,13,14.88,1.24
379,Greedy Roots,R,0.99,14.99,166,Drama,14,14.87,1.1438461538461537
830,Spirit Flintstones,R,0.99,23.99,149,Horror,15,14.86,1.0614285714285714
262,Dumbo Lust,NC-17,0.99,17.99,119,Family,6,13.94,2.3233333333333333
965,Watership Frontier,G,0.99,28.99,112,Horror,6,13.94,2.3233333333333333
493,Kane Exorcist,R,0.99,18.99,92,Foreign,14,13.88,1.1566666666666667
423,Hollywood Anonymous,PG,0.99,29.99,69,Children,13,13.87,1.0669230769230769
407,Hawk Chill,PG-13,0.99,12.99,47,Documentary,7,12.94,2.1566666666666667
516,Legend Jedi,PG,0.99,18.99,59,Music,9,12.92,1.615
940,Victory Academy,PG-13,0.99,19.99,64,Sports,9,12.91,1.4344444444444444
630,Notting Speakeasy,PG-13,0.99,19.99,48,Drama,10,12.91,1.4344444444444444
931,Valentine Vanishing,PG-13,0.99,9.99,48,Travel,12,12.9,1.29
947,Vision Torque,PG-13,0.99,16.99,59,Foreign,7,11.94,1.99
751,Runaway Tenenbaums,NC-17,0.99,17.99,181,New,8,11.93,1.7042857142857144
866,Sunset Racer,NC-17,0.99,28.99,48,Family,8,11.93,1.7042857142857144
822,Soup Wisdom,R,0.99,12.99,169,Family,8,11.93,1.7042857142857144
594,Montezuma Command,NC-17,0.99,22.99,126,Action,9,11.91,1.3233333333333333
157,Clockwork Paradise,PG-13,0.99,29.99,143,Children,10,11.9,1.19
566,Maude Mod,R,0.99,20.99,72,Foreign,8,10.93,1.5614285714285714
998,Zhivago Core,NC-17,0.99,10.99,105,Horror,9,10.93,1.5614285714285714
477,Jawbreaker Brooklyn,PG,0.99,15.99,118,Music,10,10.91,1.212222222222222
899,Towers Hurricane,NC-17,0.99,14.99,144,Classics,11,10.91,1.212222222222222
168,Comancheros Enemy,R,0.99,23.99,67,Children,6,9.94,1.6566666666666667
52,Ballroom Mockingbird,G,0.99,29.99,173,Foreign,8,9.93,1.4185714285714286
178,Connection Microcosmos,G,0.99,25.99,115,Comedy,7,8.95,1.79
355,Ghostbusters Elf,R,0.99,18.99,101,Animation,9,8.93,1.2757142857142858
401,Harold French,NC-17,0.99,10.99,168,Drama,8,8.93,1.2757142857142858
839,Stallion Sundance,PG-13,0.99,23.99,130,Sci-Fi,7,7.94,1.3233333333333333
475,Japanese Run,G,0.99,29.99,135,Horror,6,7.94,1.3233333333333333
523,Lights Deer,R,0.99,21.99,174,Classics,8,7.93,1.1328571428571428
196,Cruelty Unforgiven,G,0.99,29.99,69,Classics,7,6.94,1.1566666666666667
910,Treatment Jekyll,PG,0.99,19.99,87,Drama,7,6.94,1.1566666666666667
996,Young Language,G,0.99,9.99,183,Documentary,7,6.93,0.99
718,Rebel Airport,G,0.99,24.99,73,Music,8,6.93,0.99
335,Freedom Cleopatra,PG-13,0.99,23.99,133,Comedy,5,5.95,1.19
261,Duffel Apocalypse,G,0.99,13.99,171,Documentary,7,5.94,0.99
885,Texas Watch,NC-17,0.99,22.99,179,Horror,6,5.94,0.99
635,Oklahoma Jumanji,PG,0.99,15.99,58,New,6,5.94,0.99
14,Alice Fantasia,NC-17,0.99,23.99,94,Classics,0,0.0,0.0
198,Crystal Breaking,NC-17,2.99,22.99,184,Foreign,0,0.0,0.0
909,Treasure Command,PG-13,0.99,28.99,102,Horror,0,0.0,0.0
386,Gump Date,NC-17,4.99,12.99,53,Travel,0,0.0,0.0
195,Crowds Telemark,R,4.99,16.99,112,Sci-Fi,0,0.0,0.0
192,Crossing Divorce,R,4.99,19.99,50,Foreign,0,0.0,0.0
497,Kill Brotherhood,G,0.99,15.99,54,Documentary,0,0.0,0.0
495,Kentuckian Giant,PG,2.99,10.99,169,Horror,0,0.0,0.0
742,Roof Champion,R,0.99,25.99,101,Games,0,0.0,0.0
318,Firehouse Vietnam,G,0.99,14.99,103,Action,0,0.0,0.0
108,Butch Panther,PG-13,0.99,19.99,67,New,0,0.0,0.0
943,Villain Desperate,PG-13,4.99,27.99,76,Documentary,0,0.0,0.0
404,Hate Handicap,PG,0.99,26.99,107,Comedy,0,0.0,0.0
642,Order Betrayed,PG-13,2.99,13.99,120,Travel,0,0.0,0.0
217,Dazed Punk,G,4.99,20.99,120,Games,0,0.0,0.0
950,Volume House,PG,4.99,12.99,132,Classics,0,0.0,0.0
325,Floats Garden,PG-13,2.99,29.99,145,Animation,0,0.0,0.0
221,Deliverance Mulholland,R,0.99,9.99,100,Documentary,0,0.0,0.0
607,Muppet Mile,PG,4.99,18.99,50,Foreign,0,0.0,0.0
954,Wake Jaws,G,4.99,18.99,73,New,0,0.0,0.0
955,Walls Artist,PG,4.99,19.99,135,Children,0,0.0,0.0
41,Arsenic Independence,PG,0.99,17.99,137,Travel,0,0.0,0.0
874,Tadpole Park,PG,2.99,13.99,155,Classics,0,0.0,0.0
38,Ark Ridgemont,NC-17,0.99,25.99,68,Action,0,0.0,0.0
171,Commandments Express,R,4.99,13.99,59,Horror,0,0.0,0.0
36,Argonauts Town,PG-13,0.99,12.99,127,Animation,0,0.0,0.0
801,Sister Freddy,PG-13,4.99,19.99,152,Children,0,0.0,0.0
33,Apollo Teen,PG-13,2.99,15.99,153,Drama,0,0.0,0.0
802,Sky Miracle,PG,2.99,15.99,132,Action,0,0.0,0.0
860,Suicides Silence,G,4.99,13.99,93,Sci-Fi,0,0.0,0.0
128,Catch Amistad,G,0.99,10.99,183,Foreign,0,0.0,0.0
419,Hocus Frida,G,2.99,19.99,141,Family,0,0.0,0.0
332,Frankenstein Stranger,NC-17,0.99,16.99,159,Comedy,0,0.0,0.0
713,Rainbow Shock,PG,4.99,14.99,74,Documentary,0,0.0,0.0
712,Raiders Antitrust,PG-13,0.99,11.99,82,Documentary,0,0.0,0.0
669,Pearl Destiny,NC-17,2.99,10.99,74,Foreign,0,0.0,0.0
671,Perdition Fargo,NC-17,4.99,27.99,99,Sports,0,0.0,0.0
359,Gladiator Westward,PG,4.99,20.99,173,Family,0,0.0,0.0
144,Chinatown Gladiator,PG,4.99,24.99,61,New,0,0.0,0.0
87,Boondock Ballroom,NC-17,0.99,14.99,76,Travel,0,0.0,0.0
701,Psycho Shrunk,PG-13,2.99,11.99,155,Games,0,0.0,0.0
148,Chocolate Duck,R,2.99,13.99,132,Foreign,0,0.0,0.0
